{"dgf":[-1.0,-2.0],"km":[1.0,1.0,1.0,1.0,1.0,1.0],"kcat":[1.0,1.0,1.0],"kcat_phos":[],"ki":[1.0],"psi":[-0.0095,-0.0095],"dissociation_constant":[1.0,1.0],"transfer_constant":[1.0,1.0],"conc_unbalanced":[[1.1051709180756477,1.1051709180756477],[1.1051709180756477,1.1051709180756477]],"drain":[[],[]],"conc_enzyme":[[1.6487212707001282,1.6487212707001282,1.6487212707001282],[1.6487212707001282,1.6487212707001282,1.6487212707001282]],"conc_phos":[[],[]],"log_km_z":[1.6666666666666667,1.6666666666666667,1.6666666666666667,1.6666666666666667,1.6666666666666667,1.6666666666666667],"log_kcat_z":[1.6666666666666667,1.6666666666666667,1.6666666666666667],"log_kcat_phos_z":[],"log_ki_z":[1.6666666666666667],"psi_z":[0.0,0.0],"log_dissociation_constant_z":[1.6666666666666667,1.6666666666666667],"log_transfer_constant_z":[1.6666666666666667,1.6666666666666667],"log_conc_unbalanced_z":[[0.5025854590378238,0.5025854590378238],[0.5025854590378238,0.5025854590378238]],"drain_z":[[],[]],"log_conc_enzyme_z":[[1.1487212707001282,1.1487212707001282,1.1487212707001282],[1.1487212707001282,1.1487212707001282,1.1487212707001282]],"log_conc_phos_z":[[],[]]}