{"N_mic": 4, "N_edge_sub": 5, "N_edge_prod": 5, "N_edge": 5, "N_unbalanced": 2, "N_enzyme": 5, "N_phosphorylation": 0, "N_pme": 0, "N_competitive_inhibition": 1, "N_allostery": 2, "N_allosteric_enzyme": 2, "N_drain": 0, "N_km": 10, "N_sub_km": 5, "N_prod_km": 5, "S": [[-1, -1, -1, 0, 0], [1, 0, 0, -1, 0], [0, 1, 1, 0, -1], [0, 0, 0, 1, 1]], "N_reaction": 4, "N_metabolite": 4, "balanced_mic_ix": [2, 3], "unbalanced_mic_ix": [1, 4], "ci_mic_ix": [4], "edge_type": [1, 1, 1, 1, 1], "edge_to_enzyme": [1, 2, 3, 4, 5], "edge_to_tc": [0, 1, 2, 0, 0], "edge_to_drain": [0, 0, 0, 0, 0], "edge_to_reaction": [1, 2, 2, 3, 4], "water_stoichiometry": [0.0, 0.0, 0.0, 0.0, 0.0], "transported_charge": [0.0, 0.0, 0.0, 0.0, 0.0], "mic_to_met": [1, 2, 3, 4], "subunits": [1, 1, 1, 1, 1], "sub_by_edge_long": [1, 1, 1, 2, 3], "sub_by_edge_bounds": [[1, 1], [2, 2], [3, 3], [4, 4], [5, 5]], "prod_by_edge_long": [2, 3, 3, 4, 4], "prod_by_edge_bounds": [[1, 1], [2, 2], [3, 3], [4, 4], [5, 5]], "sub_km_ix_by_edge_long": [1, 3, 5, 7, 9], "sub_km_ix_by_edge_bounds": [[1, 1], [2, 2], [3, 3], [4, 4], [5, 5]], "prod_km_ix_by_edge_long": [2, 4, 6, 8, 10], "prod_km_ix_by_edge_bounds": [[1, 1], [2, 2], [3, 3], [4, 4], [5, 5]], "ci_ix_long": [1], "ci_ix_bounds": [[1, 1], [2, 1], [2, 1], [2, 1], [2, 1]], "allostery_ix_long": [1, 2], "allostery_ix_bounds": [[1, 0], [1, 1], [2, 2], [3, 2], [3, 2]], "allostery_type": [1, 2], "allostery_mic": [3, 3], "phosphorylation_ix_long": [], "phosphorylation_ix_bounds": [[1, 0], [1, 0], [1, 0], [1, 0], [1, 0]], "phosphorylation_type": [], "phosphorylation_pme": [], "N_dgf_fixed": 0, "dgf_fixed": [], "ix_dgf_free": [1, 2, 3, 4], "ix_dgf_fixed": [], "priors_km": [[-0.6931471805599453, 0.0, 0.6931471805599453, -0.6931471805599453, 0.0, 0.6931471805599453, -0.6931471805599453, 0.6931471805599453, 0.0, 1.0986122886681098], [0.2, 0.2, 0.2, 0.2, 0.2, 0.2, 0.2, 0.2, 0.2, 0.2]], "priors_ki": [[0.0], [0.2]], "priors_kcat": [[-0.6931471805599453, 0.6931471805599453, 0.0, 0.6931471805599453, 0.0], [0.2, 0.2, 0.2, 0.2, 0.2]], "priors_dissociation_constant": [[-1.2039728043259361, -0.10536051565782628], [0.2, 0.2]], "priors_transfer_constant": [[0.0, 0.0], [0.2, 0.2]], "priors_kcat_pme": [[], []], "priors_drain_train": [[[]], [[]]], "priors_conc_enzyme_train": [[[0.0, 0.6931471805599453, 1.0986122886681098, 0.6931471805599453, 1.0986122886681098]], [[0.2, 0.2, 0.2, 0.2, 0.2]]], "priors_conc_unbalanced_train": [[[1.6094379124341003, -0.6931471805599453]], [[0.2, 0.2]]], "priors_conc_pme_train": [[[]], [[]]], "priors_psi_train": [[0.0], [2.0]], "prior_loc_dgf": [10.0, 2.0, 5.0, 0.0], "prior_cov_dgf": [[0.2, 0.0, 0.0, 0.0], [0.0, 0.2, 0.0, 0.0], [0.0, 0.0, 0.2, 0.0], [0.0, 0.0, 0.0, 0.2]], "N_experiment_train": 1, "N_flux_measurement_train": 2, "N_enzyme_measurement_train": 0, "N_conc_measurement_train": 2, "N_enzyme_knockout_train": 0, "N_pme_knockout_train": 0, "temperature_train": [298.15], "enzyme_knockout_train_long": [], "enzyme_knockout_train_bounds": [[1, 0]], "pme_knockout_train_long": [], "pme_knockout_train_bounds": [[1, 0]], "yconc_train": [0.323117, 3.02187], "sigma_yconc_train": [0.1, 0.1], "experiment_yconc_train": [1, 1], "mic_ix_yconc_train": [2, 3], "yflux_train": [0.421816, 2.11674], "sigma_yflux_train": [0.01, 0.01], "experiment_yflux_train": [1, 1], "reaction_yflux_train": [3, 4], "yenz_train": [], "sigma_yenz_train": [], "experiment_yenz_train": [], "enzyme_yenz_train": [], "likelihood": 1, "drain_small_conc_corrector": 1e-06, "reject_non_steady": 1, "penalize_non_steady": 0, "steady_state_threshold_abs": 1e-08, "steady_state_threshold_rel": 0.001, "steady_state_penalty_rel": 1e-08, "rel_tol_ode": 1e-09, "abs_tol_ode": 1e-09, "max_num_steps_ode": 1000000000, "rel_tol_alg": 1e-07, "abs_tol_alg": 1e-07, "max_num_steps_alg": 1000000, "conc_init": [[0.323117, 3.02187]]}
