metabolite,prior_mean_dgf
5mthf,221.0286718646
H2O,-150.9431417311
adn,375.7661688914
ahcys,541.4981748505
amet,654.7811667848
atp,-2263.6274533927
cyst-L,-46.6351353863
dmgly,58.0635849086
gly,-161.2093499172
glyb,160.8518050969
hcys-L,49.5208442631
met-L,161.0203870372
mlthf,195.32127013
nadp,-2016.5052486697
nadph,-1950.3238942947
pi,-1055.4711071927
ppi,-1943.5422466181
sarcs,-39.4732528546
ser-L,-216.3988762937
thf,106.2982359888
