{"prior_loc_dgf":[160.953,-2263.31,-1055.95,-1943.8,636.255,547.319,-161.373,-39.4573,44.2,375.758,108.366,223.646,198.009,173.094,49.4547,-216.712,-2014.52,-1948.58,-46.4737],"prior_cov_dgf":[[17.5183610296,-0.0354355089,0.1140273422,0.0533621689,1.0288775363,12.8069856079,0.0942983931,0.7688599497,12.9746284083,0.0073595088,0.7728218439,0.6314076073,0.6314076073,2.3055688759,1.4477552064,0.1369908298,0.8141863109,0.8558834798,15.0126973397],[-0.0354355089,2.2200569198,0.2588681125,0.7610147068,-1e-10,0.3411954817,-0.0118297777,0.0,-0.3411954817,0.4442889425,-0.1010806201,0.0238927372,0.0238927372,0.0,0.0,-0.169982816,0.642006242,0.5533259689,-0.0],[0.1140273422,0.2588681125,0.5605856885,0.7158558628,-0.0,-0.284595828,0.0664493607,-0.0,0.284595828,-0.1738132448,0.266424499,-0.1445474358,-0.1445474358,0.0,0.0,0.0661085229,-0.065948247,0.0827369858,0.0],[0.0533621689,0.7610147068,0.7158558628,1.2313220023,-1e-10,-0.2859784104,-0.001647472,0.0,0.2859784104,-0.3561574091,0.1962353772,-0.1139329777,-0.1139329777,0.0,0.0,-0.1211071837,0.1282826335,0.2280415932,0.0],[1.0288775363,-1e-10,-0.0,-1e-10,1000025.576429992,4.2971043882,-0.0,1.4109102813,4.2971043884,1e-10,38.0922544158,38.0922544156,38.0922544152,31.3753129167,15.9582715876,0.0,11.2977402075,11.2977402081,2.0662614565],[12.8069856079,0.3411954817,-0.284595828,-0.2859784104,4.2971043882,16.2459484958,0.0301548348,0.2923069324,10.6316849274,1.0345045332,2.6451434044,2.9115398288,2.9115398288,0.2538584576,0.1704331589,0.0056916295,3.7459879026,3.6461818489,13.080721267],[0.0942983931,-0.0118297777,0.0664493607,-0.001647472,-0.0,0.0301548348,1.8613408356,0.0,-0.0301548348,0.195520263,0.4133063459,-0.2593927901,-0.2593927901,-0.0,-0.0,0.75055995,-0.0392813154,-0.0328588696,0.0],[0.7688599497,0.0,-0.0,0.0,1.4109102813,0.2923069324,0.0,20.0486625625,0.2923069324,-0.0,1.0042281339,1.0042281339,1.0042281339,-0.1859920905,0.016237586,-0.0,0.5251431933,0.5251431933,1.4942194289],[12.9746284083,-0.3411954817,0.284595828,0.2859784104,4.2971043884,10.6316849274,-0.0301548348,0.2923069324,16.2459484958,-1.0345045332,2.9773211732,2.7109247488,2.7109247488,0.2538584576,0.1704331589,-0.0056916295,3.4435495341,3.5433555878,13.080721267],[0.0073595088,0.4442889425,-0.1738132448,-0.3561574091,1e-10,1.0345045332,0.195520263,-0.0,-1.0345045332,2.0814897785,0.002198031,0.0239930532,0.0239930532,-0.0,-0.0,0.2672608693,0.0436782229,0.0396899995,0.0],[0.7728218439,-0.1010806201,0.266424499,0.1962353772,38.0922544158,2.6451434044,0.4133063459,1.0042281339,2.9773211732,0.002198031,457882.6648546212,457879.2948376895,457881.5372375457,62.7599774922,31.3689639242,-0.0133741302,20.34229995,20.6177254031,0.6109135191],[0.6314076073,0.0238927372,-0.1445474358,-0.1139329777,38.0922544156,2.9115398288,-0.2593927901,1.0042281339,2.7109247488,0.0239930532,457879.2948376895,457895.2260267962,457880.2766944211,62.7599774922,31.3689639242,0.0828129527,20.555137832,20.6635284658,0.6109135191],[0.6314076073,0.0238927372,-0.1445474358,-0.1139329777,38.0922544152,2.9115398288,-0.2593927901,1.0042281339,2.7109247488,0.0239930532,457881.5372375457,457880.2766944211,457882.5190942774,62.7599774922,31.3689639242,0.0828129527,20.555137832,20.6635284658,0.6109135191],[2.3055688759,0.0,0.0,0.0,31.3753129167,0.2538584576,-0.0,-0.1859920905,0.2538584576,-0.0,62.7599774922,62.7599774922,62.7599774922,1000065.7804019834,33.7086437134,-0.0,5.8141832119,5.8141832119,-0.5993763696],[1.4477552064,0.0,0.0,0.0,15.9582715876,0.1704331589,-0.0,0.016237586,0.1704331589,-0.0,31.3689639242,31.3689639242,31.3689639242,33.7086437134,1000017.4477951666,-0.0,2.3143935723,2.3143935723,-0.1931995267],[0.1369908298,-0.169982816,0.0661085229,-0.1211071837,0.0,0.0056916295,0.75055995,-0.0,-0.0056916295,0.2672608693,-0.0133741302,0.0828129527,0.0828129527,-0.0,-0.0,1.302666887,-0.1020637889,-0.0865070875,-0.0],[0.8141863109,0.642006242,-0.065948247,0.1282826335,11.2977402075,3.7459879026,-0.0392813154,0.5251431933,3.4435495341,0.0436782229,20.34229995,20.555137832,20.555137832,5.8141832119,2.3143935723,-0.1020637889,46.6746529526,46.4784222986,1.0147067076],[0.8558834798,0.5533259689,0.0827369858,0.2280415932,11.2977402081,3.6461818489,-0.0328588696,0.5251431933,3.5433555878,0.0396899995,20.6177254031,20.6635284658,20.6635284658,5.8141832119,2.3143935723,-0.0865070875,46.4784222986,46.6354219147,1.0147067076],[15.0126973397,-0.0,0.0,0.0,2.0662614565,13.080721267,0.0,1.4942194289,13.080721267,0.0,0.6109135191,0.6109135191,0.6109135191,-0.5993763696,-0.1931995267,-0.0,1.0147067076,1.0147067076,16.6178408848]],"priors_kcat":[[0.7884573603642703,2.760009940032921,2.5649493574615367,1.868834809141684,5.389478144945013,0.5969612342362173,2.6735537653587342,3.7695135279119976,0.8487243948784069,-1.6713133161521878],[2.0,2.0,2.0,0.9566538942495864,0.2587688663765167,0.25660875610976536,0.37904661893881425,0.6305713996118358,0.2520517833785601,0.1]],"priors_km":[[-9.206356287151594,-6.56118137925326,0.5,0.5,0.5,-6.725433722188183,-6.56118137925326,0.5,0.5,0.5,-11.56008080470585,0.5,-7.957577403480815,-6.522701063125778,-11.417615285165903,-16.11809565095832,-6.571283042360924,-12.318122149338796,-12.370947288720407,-13.266204413630218,-9.326874188232134,0.5,0.5,-10.84018928167041,-6.670881618492392,0.5,0.5,-12.206072645530172,-12.775789787124355,0.5,-9.418098093957015,-10.76311394175678,0.5,0.5,-9.690853684833955],[0.8468625708051926,2.0,1.0,1.0,1.0,2.0,2.0,1.0,1.0,1.0,0.13304957855055413,1.0,2.0,2.0,2.0,2.0,2.0,2.0,2.0,0.2361238189969911,2.0,1.0,1.0,0.21080880979937786,2.0,1.0,1.0,0.6918302848827697,0.14897754293212312,1.0,0.034356147402890246,0.12027775256229761,1.0,1.0,0.1366925329218479]],"priors_ki":[[-7.967887047082183,-12.114911867133195,-9.864266839382847],[0.06183126686725494,0.7310165043704989,2.0]],"priors_dissociation_constant":[[0.5,0.5,0.5,0.5,0.5,0.5,0.5],[1.0,1.0,1.0,1.0,1.0,1.0,1.0]],"priors_transfer_constant":[[-2.3025850929940455,0.0,0.0,1.0986122886681098],[2.0,2.0,2.0,2.0]],"priors_kcat_pme":[[],[]],"priors_psi":[[0,0,0,0,0,0],[2,2,2,2,2,2]],"priors_conc_pme":[[[],[],[],[],[],[]],[[],[],[],[],[],[]]],